تاريخ,اجمالي_مصريين_شراء,اجمالي_مصريين_بيع,اجمالي_مصريين_صافي,اجمالي_عرب_شراء,اجمالي_عرب_بيع,اجمالي_عرب_صافي,اجمالي_اجانب_شراء,اجمالي_اجانب_بيع,اجمالي_اجانب_صافي,افراد_مصريين_شراء,افراد_مصريين_بيع,افراد_مصريين_صافي,افراد_عرب_شراء,افراد_عرب_بيع,افراد_عرب_صافي,افراد_اجانب_شراء,افراد_اجانب_بيع,افراد_اجانب_صافي,مؤسسات_مصريين_شراء,مؤسسات_مصريين_بيع,مؤسسات_مصريين_صافي,مؤسسات_عرب_شراء,مؤسسات_عرب_بيع,مؤسسات_عرب_صافي,مؤسسات_اجانب_شراء,مؤسسات_اجانب_بيع,مؤسسات_اجانب_صافي
2026-03-19,38970440127.0,141821789107.0,-102851348980.0,108765616945.0,6984539520.0,101781077425.0,10845405099.0,9775133544.0,1070271555.0,4712538087.0,3728031660.0,984506426.0,86041678.0,136230752.0,-50189073.0,1823448.0,2020758.0,-197310.0,34257902040.0,138093757447.0,-103835855406.0,108679575266.0,6848308768.0,101831266498.0,10843581651.0,9773112785.0,1070468866.0
2026-03-22,38970440127.0,141821789107.0,-102851348980.0,108765616945.0,6984539520.0,101781077425.0,10845405099.0,9775133544.0,1070271555.0,4712538087.0,3728031660.0,984506426.0,86041678.0,136230752.0,-50189073.0,1823448.0,2020758.0,-197310.0,34257902040.0,138093757447.0,-103835855406.0,108679575266.0,6848308768.0,101831266498.0,10843581651.0,9773112785.0,1070468866.0
2026-03-23,38970440127.0,141821789107.0,-102851348980.0,108765616945.0,6984539520.0,101781077425.0,10845405099.0,9775133544.0,1070271555.0,4712538087.0,3728031660.0,984506426.0,86041678.0,136230752.0,-50189073.0,1823448.0,2020758.0,-197310.0,34257902040.0,138093757447.0,-103835855406.0,108679575266.0,6848308768.0,101831266498.0,10843581651.0,9773112785.0,1070468866.0
2026-03-24,67134510163.0,76282465570.0,-9147955407.0,7827804550.0,8000974664.0,-173170114.0,25288791937.0,15967666416.0,9321125521.0,5454300401.0,4732483409.0,721816991.0,205114168.0,138808276.0,66305892.0,16096607.0,4234670.0,11861937.0,61680209763.0,71549982161.0,-9869772398.0,7622690381.0,7862166388.0,-239476006.0,25272695330.0,15963431746.0,9309263584.0
2026-03-25,50683836414.0,48428205149.0,2255631265.0,3759016547.0,4154100417.0,-395083869.0,7092506526.0,8953053922.0,-1860547396.0,5401332702.0,4842980289.0,558352413.0,245939727.0,235226194.0,10713534.0,3371736.0,3054905.0,316830.0,45282503713.0,43585224860.0,1697278853.0,3513076820.0,3918874223.0,-405797403.0,7089134791.0,8949999017.0,-1860864226.0
2026-03-26,83135375588.0,53644560812.0,29490814776.0,6702207790.0,5847882366.0,854325424.0,6378740348.0,36723880549.0,-30345140201.0,4732129007.0,4380734873.0,351394134.0,162426576.0,114050814.0,48375762.0,3669344.0,3850500.0,-181157.0,78403246581.0,49263825938.0,29139420643.0,6539781214.0,5733831551.0,805949663.0,6375071005.0,36720030048.0,-30344959044.0
2026-03-29,25169564760.0,24982588245.0,186976514.0,1002805242.0,1027985635.0,-25180393.0,78365052.0,240161173.0,-161796121.0,5985994711.0,4357621706.0,1628373005.0,179069040.0,118822554.0,60246486.0,2970730.0,4133100.0,-1162369.0,19183570049.0,20624966540.0,-1441396491.0,823736202.0,909163081.0,-85426879.0,75394321.0,236028074.0,-160633752.0
2026-03-30,40044613855.0,36455486818.0,3589127037.0,3836703845.0,1938261333.0,1898442512.0,3968209993.0,9455779542.0,-5487569549.0,4929220302.0,4322005529.0,607214773.0,110378007.0,159661629.0,-49283623.0,5633409.0,4417994.0,1215414.0,35115393552.0,32133481289.0,2981912263.0,3726325838.0,1778599703.0,1947726135.0,3962576584.0,9451361548.0,-5488784963.0
2026-03-31,209030000305.0,200667057376.0,8362942929.0,53807162108.0,20468332151.0,33338829957.0,34299331615.0,76001104501.0,-41701772886.0,5225133426.0,4929545854.0,295587571.0,277176638.0,207795056.0,69381582.0,14801528.0,1729868.0,13071660.0,203804866880.0,195737511522.0,8067355358.0,53529985470.0,20260537095.0,33269448376.0,34284530087.0,75999374633.0,-41714844546.0
2026-04-01,116401506775.0,72593878733.0,43807628042.0,4758881801.0,7860534191.0,-3101652390.0,3180953973.0,43886929625.0,-40705975652.0,4687043218.0,4296187721.0,390855497.0,207472459.0,486889012.0,-279416553.0,2988223.0,2398320.0,589903.0,111714463557.0,68297691012.0,43416772545.0,4551409342.0,7373645179.0,-2822235837.0,3177965749.0,43884531305.0,-40706565555.0
2026-04-02,69874082900.0,46690053514.0,23184029387.0,8990383937.0,10183237301.0,-1192853364.0,3208294885.0,25199470908.0,-21991176023.0,4758243228.0,4815288209.0,-57044981.0,193372778.0,225194301.0,-31821523.0,3559595.0,5846479.0,-2286884.0,65115839672.0,41874765305.0,23241074368.0,8797011159.0,9958043001.0,-1161031841.0,3204735290.0,25193624429.0,-21988889139.0
2026-04-05,21621726893.0,19835987484.0,1785739409.0,897334932.0,2829749506.0,-1932414574.0,235871977.0,89196811.0,146675166.0,4913809161.0,4690967467.0,222841693.0,191528693.0,141567264.0,49961429.0,2669527.0,3297419.0,-627892.0,16707917733.0,15145020017.0,1562897715.0,705806238.0,2688182242.0,-1982376003.0,233202450.0,85899393.0,147303057.0
2026-04-06,71725052771.0,71285666923.0,439385848.0,3520422696.0,3694831829.0,-174409133.0,4052616582.0,4317593297.0,-264976715.0,6387678442.0,5719739908.0,667938534.0,292127980.0,202957931.0,89170049.0,2656874.0,3802622.0,-1145748.0,65337374328.0,65565927015.0,-228552686.0,3228294716.0,3491873898.0,-263579181.0,4049959707.0,4313790675.0,-263830967.0
2026-04-07,183279408579.0,190189953557.0,-6910544978.0,8572553598.0,8414906839.0,157646759.0,23642998855.0,16890100636.0,6752898218.0,5737133123.0,5146428874.0,590704248.0,236160858.0,206642316.0,29518542.0,4413880.0,3435551.0,978329.0,177542275456.0,185043524683.0,-7501249226.0,8336392740.0,8208264523.0,128128217.0,23638584975.0,16886665086.0,6751919890.0
2026-04-08,41638741970.0,54203646665.0,-12564904695.0,7444761668.0,6598614259.0,846147409.0,14502417282.0,2783659996.0,11718757286.0,7460910624.0,7245530155.0,215380470.0,226036223.0,452291382.0,-226255159.0,37058980.0,277733213.0,-240674233.0,34177831346.0,46958116510.0,-12780285164.0,7218725445.0,6146322877.0,1072402568.0,14465358302.0,2505926783.0,11959431519.0
2026-04-09,124653799704.0,118262712511.0,6391087192.0,5150303116.0,5976709521.0,-826406405.0,14407086461.0,19971767248.0,-5564680787.0,6216513206.0,5952538881.0,263974325.0,305130307.0,346380473.0,-41250166.0,57761437.0,4070370.0,53691068.0,118437286498.0,112310173630.0,6127112867.0,4845172809.0,5630329048.0,-785156239.0,14349325024.0,19967696878.0,-5618371855.0
2026-04-12,124653799704.0,118262712511.0,6391087192.0,5150303116.0,5976709521.0,-826406405.0,14407086461.0,19971767248.0,-5564680787.0,6216513206.0,5952538881.0,263974325.0,305130307.0,346380473.0,-41250166.0,57761437.0,4070370.0,53691068.0,118437286498.0,112310173630.0,6127112867.0,4845172809.0,5630329048.0,-785156239.0,14349325024.0,19967696878.0,-5618371855.0
2026-04-13,124653799704.0,118262712511.0,6391087192.0,5150303116.0,5976709521.0,-826406405.0,14407086461.0,19971767248.0,-5564680787.0,6216513206.0,5952538881.0,263974325.0,305130307.0,346380473.0,-41250166.0,57761437.0,4070370.0,53691068.0,118437286498.0,112310173630.0,6127112867.0,4845172809.0,5630329048.0,-785156239.0,14349325024.0,19967696878.0,-5618371855.0
2026-04-14,162132723198.0,232426351158.0,-70293627960.0,13705739861.0,13670947381.0,34792480.0,84579841315.0,14321005835.0,70258835481.0,6369705748.0,6480859049.0,-111153300.0,641441362.0,235604789.0,405836574.0,11150973.0,6822531.0,4328442.0,155763017450.0,225945492110.0,-70182474660.0,13064298499.0,13435342593.0,-371044094.0,84568690342.0,14314183304.0,70254507039.0
2026-04-15,50984757477.0,73727035529.0,-22742278052.0,3142419940.0,3857577947.0,-715158007.0,28662968798.0,5205532739.0,23457436059.0,6658758754.0,6495828972.0,162929782.0,307531778.0,321717340.0,-14185562.0,11605444.0,15289523.0,-3684079.0,44325998724.0,67231206557.0,-22905207834.0,2834888162.0,3535860607.0,-700972445.0,28651363353.0,5190243216.0,23461120137.0
2026-04-16,51268326341.0,106741138753.0,-55472812412.0,7640920493.0,6280338182.0,1360582311.0,62035977036.0,7923746935.0,54112230101.0,8136586974.0,7370837154.0,765749820.0,454064090.0,388530709.0,65533381.0,68151767.0,9126545.0,59025221.0,43131739367.0,99370301599.0,-56238562232.0,7186856403.0,5891807473.0,1295048930.0,61967825269.0,7914620390.0,54053204879.0
2026-04-19,28891317859.0,29290747532.0,-399429672.0,1056389526.0,889436069.0,166953457.0,1017666140.0,785189925.0,232476215.0,7775160531.0,6979583357.0,795577174.0,369790329.0,321090268.0,48700061.0,9831757.0,26255885.0,-16424127.0,21116157328.0,22311164175.0,-1195006846.0,686599197.0,568345801.0,118253396.0,1007834383.0,758934040.0,248900343.0
2026-04-20,35078905512.0,54782020754.0,-19703115242.0,5039243580.0,3913426946.0,1125816634.0,40326121542.0,21748822934.0,18577298608.0,6675444726.0,5987856627.0,687588099.0,396911830.0,380146974.0,16764856.0,7254012.0,17584341.0,-10330328.0,28403460787.0,48794164127.0,-20390703340.0,4642331750.0,3533279972.0,1109051778.0,40318867530.0,21731238594.0,18587628936.0
2026-04-21,181693879056.0,207085371136.0,-25391492080.0,30856357603.0,21069996994.0,9786360608.0,65488000421.0,49882868948.0,15605131472.0,8010567601.0,7962112514.0,48455087.0,445293710.0,414281185.0,31012525.0,13355370.0,53062308.0,-39706938.0,173683311455.0,199123258622.0,-25439947167.0,30411063893.0,20655715809.0,9755348083.0,65474645051.0,49829806640.0,15644838411.0
2026-04-22,77586395453.0,82776200384.0,-5189804931.0,5214786805.0,4125779989.0,1089006816.0,27089075048.0,22988276933.0,4100798115.0,8670635734.0,8545584475.0,125051259.0,532583823.0,603520154.0,-70936331.0,9475454.0,4967581.0,4507873.0,68915759719.0,74230615909.0,-5314856190.0,4682202982.0,3522259835.0,1159943147.0,27079599595.0,22983309353.0,4096290242.0
2026-04-23,44844489311.0,56028475781.0,-11183986470.0,5866712165.0,5593350927.0,273361238.0,18710312046.0,7799686814.0,10910625232.0,8980298775.0,9278512631.0,-298213855.0,929278333.0,528348415.0,400929917.0,123147518.0,10408256.0,112739262.0,35864190535.0,46749963151.0,-10885772615.0,4937433833.0,5065002512.0,-127568679.0,18587164528.0,7789278558.0,10797885970.0
2026-04-26,20040785476.0,19959157558.0,81627919.0,481512005.0,458150268.0,23361737.0,54400257.0,159389912.0,-104989656.0,8218351816.0,7825069881.0,393281936.0,358483980.0,405416983.0,-46933004.0,15074917.0,25710582.0,-10635665.0,11822433660.0,12134087677.0,-311654017.0,123028025.0,52733285.0,70294741.0,39325340.0,133679330.0,-94353990.0
2026-04-27,77869023922.0,58693638984.0,19175384938.0,3693492717.0,3937160829.0,-243668112.0,6152444707.0,25084161533.0,-18931716826.0,6036860509.0,5853195822.0,183664687.0,398606249.0,372177179.0,26429070.0,21532586.0,10192540.0,11340047.0,71832163413.0,52840443162.0,18991720251.0,3294886468.0,3564983650.0,-270097182.0,6130912121.0,25073968993.0,-18943056873.0
2026-04-28,140861931189.0,128573684635.0,12288246554.0,15882145624.0,8664853310.0,7217292315.0,15084364448.0,34589903316.0,-19505538869.0,6850889306.0,6102340604.0,748548703.0,366630880.0,389160938.0,-22530058.0,19993806.0,7375085.0,12618722.0,134011041882.0,122471344031.0,11539697851.0,15515514744.0,8275692372.0,7239822372.0,15064370642.0,34582528232.0,-19518157590.0
2026-04-29,36318605840.0,47121561609.0,-10802955768.0,5975003111.0,6510254415.0,-535251304.0,19225258118.0,7887051046.0,11338207072.0,7514342411.0,6858569852.0,655772559.0,231560944.0,222374907.0,9186036.0,8527018.0,6698121.0,1828897.0,28804263429.0,40262991756.0,-11458728327.0,5743442167.0,6287879507.0,-544437340.0,19216731100.0,7880352925.0,11336378175.0
2026-04-30,78745449073.0,67084094711.0,11661354363.0,3296061811.0,1497317553.0,1798744259.0,9310428249.0,22770526871.0,-13460098622.0,8106599639.0,7954243942.0,152355697.0,334257526.0,388173994.0,-53916468.0,33496635.0,44741603.0,-11244968.0,70638849434.0,59129850769.0,11508998666.0,2961804285.0,1109143559.0,1852660726.0,9276931614.0,22725785268.0,-13448853654.0
2026-05-03,42061630952.0,40334751985.0,1726878968.0,480034770.0,1993799271.0,-1513764501.0,43457577.0,256572044.0,-213114466.0,8897876264.0,8608436839.0,289439425.0,400473158.0,324091946.0,76381212.0,21199463.0,20441571.0,757892.0,33163754688.0,31726315146.0,1437439542.0,79561612.0,1669707325.0,-1590145713.0,22258114.0,236130473.0,-213872359.0
2026-05-04,69069960988.0,43302729746.0,25767231243.0,1595527904.0,3234957535.0,-1639429631.0,6450732442.0,30578534054.0,-24127801612.0,9423072486.0,8846488478.0,576584008.0,505739074.0,544079718.0,-38340644.0,10204910.0,27970684.0,-17765773.0,59646888503.0,34456241267.0,25190647235.0,1089788831.0,2690877818.0,-1601088987.0,6440527531.0,30550563370.0,-24110035839.0
2026-05-05,176499184688.0,163765879518.0,12733305170.0,4271786502.0,11605353563.0,-7333567061.0,19434232341.0,24833970450.0,-5399738109.0,7995544398.0,7516583429.0,478960969.0,283130775.0,261196238.0,21934537.0,13715015.0,5883969.0,7831046.0,168503640291.0,156249296089.0,12254344202.0,3988655727.0,11344157325.0,-7355501598.0,19420517325.0,24828086480.0,-5407569155.0
2026-05-06,69789568985.0,68101301055.0,1688267930.0,3810231091.0,6309772747.0,-2499541656.0,11701164110.0,10889890385.0,811273726.0,9309678142.0,9602433899.0,-292755757.0,536647333.0,480415272.0,56232061.0,23627722.0,20493754.0,3133967.0,60479890843.0,58498867156.0,1981023687.0,3273583759.0,5829357475.0,-2555773717.0,11677536389.0,10869396631.0,808139758.0
2026-05-07,69789568985.0,68101301055.0,1688267930.0,3810231091.0,6309772747.0,-2499541656.0,11701164110.0,10889890385.0,811273726.0,9309678142.0,9602433899.0,-292755757.0,536647333.0,480415272.0,56232061.0,23627722.0,20493754.0,3133967.0,60479890843.0,58498867156.0,1981023687.0,3273583759.0,5829357475.0,-2555773717.0,11677536389.0,10869396631.0,808139758.0
2026-05-10,29378857543.0,29395765672.0,-16908129.0,739942201.0,908906669.0,-168964469.0,581485971.0,395613374.0,185872597.0,9167787304.0,8997450205.0,170337099.0,554625175.0,493087196.0,61537979.0,45922940.0,18103408.0,27819531.0,20211070240.0,20398315467.0,-187245228.0,185317025.0,415819473.0,-230502448.0,535563031.0,377509965.0,158053066.0
2026-05-11,44661861905.0,44599297294.0,62564611.0,1267457542.0,1623043522.0,-355585980.0,10813910149.0,10520888780.0,293021369.0,8546979828.0,8404359754.0,142620074.0,378232855.0,416128098.0,-37895243.0,18737075.0,13922680.0,4814395.0,36114882077.0,36194937540.0,-80055463.0,889224687.0,1206915424.0,-317690737.0,10795173075.0,10506966100.0,288206974.0
2026-05-12,172086011904.0,229248867065.0,-57162855160.0,17772381925.0,20964204005.0,-3191822080.0,68087747312.0,7733070072.0,60354677240.0,8340061654.0,8102153856.0,237907799.0,479050042.0,468133144.0,10916899.0,28256341.0,15338596.0,12917746.0,163745950250.0,221146713209.0,-57400762959.0,17293331883.0,20496070861.0,-3202738978.0,68059490971.0,7717731477.0,60341759494.0
2026-05-13,61811779492.0,65804934527.0,-3993155035.0,2941557155.0,4573804984.0,-1632247829.0,18253143182.0,12627740318.0,5625402865.0,9879757955.0,8683300104.0,1196457852.0,370754872.0,339151269.0,31603603.0,35806412.0,35289886.0,516526.0,51932021537.0,57121634424.0,-5189612887.0,2570802282.0,4234653715.0,-1663851433.0,18217336770.0,12592450431.0,5624886339.0
2026-05-14,74288496319.0,60055765476.0,14232730843.0,5804545424.0,4806846601.0,997698822.0,15480353448.0,30710783113.0,-15230429665.0,9552915698.0,9134184849.0,418730848.0,398643926.0,428076063.0,-29432137.0,16315008.0,5854376.0,10460632.0,64735580621.0,50921580627.0,13813999994.0,5405901498.0,4378770538.0,1027130960.0,15464038440.0,30704928737.0,-15240890297.0
2026-05-17,15215624018.0,15008475197.0,207148820.0,396061643.0,432883696.0,-36822053.0,125319404.0,295646171.0,-170326767.0,9314752518.0,8639724529.0,675027989.0,366608668.0,382241162.0,-15632494.0,14199878.0,11444815.0,2755063.0,5900871500.0,6368750669.0,-467879169.0,29452974.0,50642534.0,-21189559.0,111119526.0,284201356.0,-173081830.0
2026-05-18,54895060357.0,55577588145.0,-682527788.0,1087807890.0,882979659.0,204828230.0,12208806936.0,11731107379.0,477699558.0,7982290589.0,7380040038.0,602250551.0,294091695.0,350113326.0,-56021632.0,11206297.0,12625374.0,-1419077.0,46912769768.0,48197548107.0,-1284778339.0,793716195.0,532866333.0,260849862.0,12197600639.0,11718482004.0,479118635.0
2026-05-19,142502663731.0,133553175548.0,8949488183.0,6436054527.0,15628109482.0,-9192054955.0,16607682838.0,16365116066.0,242566772.0,7212801147.0,6713428879.0,499372268.0,342054423.0,333230426.0,8823998.0,3406438.0,8869492.0,-5463053.0,135289862584.0,126839746669.0,8450115915.0,6094000104.0,15294879057.0,-9200878953.0,16604276399.0,16356246574.0,248029825.0
2026-05-20,47197984093.0,40987035312.0,6210948781.0,1452258816.0,1680459642.0,-228200826.0,6170888418.0,12153636372.0,-5982747954.0,7136123126.0,6433590451.0,702532675.0,282753927.0,295165886.0,-12411959.0,8701727.0,5259402.0,3442325.0,40061860967.0,34553444861.0,5508416106.0,1169504889.0,1385293756.0,-215788868.0,6162186691.0,12148376970.0,-5986190279.0
2026-05-21,123480221824.0,170857027556.0,-47376805733.0,11433600951.0,13088549717.0,-1654948766.0,81226249710.0,32194495210.0,49031754499.0,5494080392.0,4768848327.0,725232065.0,164809798.0,133927549.0,30882249.0,15579371.0,3061798.0,12517573.0,117986141431.0,166088179229.0,-48102037798.0,11268791153.0,12954622168.0,-1685831015.0,81210670339.0,32191433413.0,49019236926.0
2026-05-24,12034439714.0,12190772755.0,-156333041.0,450695961.0,527906615.0,-77210654.0,439526243.0,205982548.0,233543695.0,5656982498.0,5498320967.0,158661531.0,233186441.0,201572456.0,31613985.0,5749701.0,4528088.0,1221613.0,6377457217.0,6692451788.0,-314994572.0,217509521.0,326334159.0,-108824638.0,433776542.0,201454460.0,232322082.0
2026-05-25,78905041320.0,66886318647.0,12018722673.0,8052900373.0,7564398635.0,488501738.0,12592673740.0,25099898151.0,-12507224411.0,6019581634.0,5696826007.0,322755627.0,267227221.0,246644996.0,20582225.0,9482574.0,4478187.0,5004387.0,72885459686.0,61189492639.0,11695967046.0,7785673151.0,7317753639.0,467919512.0,12583191166.0,25095419963.0,-12512228798.0
2026-05-26,78905041320.0,66886318647.0,12018722673.0,8052900373.0,7564398635.0,488501738.0,12592673740.0,25099898151.0,-12507224411.0,6019581634.0,5696826007.0,322755627.0,267227221.0,246644996.0,20582225.0,9482574.0,4478187.0,5004387.0,72885459686.0,61189492639.0,11695967046.0,7785673151.0,7317753639.0,467919512.0,12583191166.0,25095419963.0,-12512228798.0
2026-05-27,78905041320.0,66886318647.0,12018722673.0,8052900373.0,7564398635.0,488501738.0,12592673740.0,25099898151.0,-12507224411.0,6019581634.0,5696826007.0,322755627.0,267227221.0,246644996.0,20582225.0,9482574.0,4478187.0,5004387.0,72885459686.0,61189492639.0,11695967046.0,7785673151.0,7317753639.0,467919512.0,12583191166.0,25095419963.0,-12512228798.0
2026-05-28,78905041320.0,66886318647.0,12018722673.0,8052900373.0,7564398635.0,488501738.0,12592673740.0,25099898151.0,-12507224411.0,6019581634.0,5696826007.0,322755627.0,267227221.0,246644996.0,20582225.0,9482574.0,4478187.0,5004387.0,72885459686.0,61189492639.0,11695967046.0,7785673151.0,7317753639.0,467919512.0,12583191166.0,25095419963.0,-12512228798.0
2026-05-31,78905041320.0,66886318647.0,12018722673.0,8052900373.0,7564398635.0,488501738.0,12592673740.0,25099898151.0,-12507224411.0,6019581634.0,5696826007.0,322755627.0,267227221.0,246644996.0,20582225.0,9482574.0,4478187.0,5004387.0,72885459686.0,61189492639.0,11695967046.0,7785673151.0,7317753639.0,467919512.0,12583191166.0,25095419963.0,-12512228798.0
2026-06-01,106886341398.0,100068888236.0,6817453162.0,13863933947.0,17481294611.0,-3617360664.0,20659658754.0,23859751252.0,-3200092498.0,7476992578.0,6559987731.0,917004848.0,1067028786.0,244070257.0,822958528.0,4723061.0,8844366.0,-4121305.0,99409348820.0,93508900506.0,5900448314.0,12796905161.0,17237224354.0,-4440319193.0,20654935693.0,23850906886.0,-3195971193.0
2026-06-02,147140796477.0,199083229680.0,-51942433204.0,25156929963.0,23369648150.0,1787281813.0,64725149150.0,14569997760.0,50155151390.0,8165306048.0,7321301495.0,844004553.0,539752528.0,309754431.0,229998097.0,24357893.0,16454298.0,7903595.0,138975490429.0,191761928185.0,-52786437756.0,24617177435.0,23059893719.0,1557283716.0,64700791257.0,14553543462.0,50147247796.0
2026-06-03,103564964379.0,108085868294.0,-4520903915.0,3831450075.0,6714217887.0,-2882767811.0,21288063835.0,13884392109.0,7403671726.0,8407992054.0,7602537615.0,805454438.0,286787948.0,295949533.0,-9161585.0,3700795.0,6380823.0,-2680028.0,95156972325.0,100483330678.0,-5326358353.0,3544662128.0,6418268354.0,-2873606226.0,21284363040.0,13878011286.0,7406351754.0
2026-06-04,52899572590.0,121289894356.0,-68390321766.0,6250372609.0,1943913049.0,4306459560.0,73354877445.0,9271015239.0,64083862207.0,9068592054.0,9022114347.0,46477707.0,300329328.0,293940316.0,6389013.0,6355359.0,8074537.0,-1719178.0,43830980536.0,112267780009.0,-68436799473.0,5950043280.0,1649972734.0,4300070547.0,73348522086.0,9262940702.0,64085581384.0
2026-06-07,31536868610.0,31762662039.0,-225793429.0,599009788.0,784723838.0,-185714051.0,549607966.0,138100487.0,411507480.0,7917884188.0,7390153274.0,527730914.0,179485199.0,200013959.0,-20528760.0,5845776.0,7014655.0,-1168880.0,23618984422.0,24372508765.0,-753524343.0,419524589.0,584709879.0,-165185290.0,543762191.0,131085831.0,412676359.0
2026-06-08,47990066854.0,38786310874.0,9203755980.0,824703052.0,4109097470.0,-3284394418.0,9646134808.0,15565496371.0,-5919361562.0,7776760777.0,7117410699.0,659350078.0,219207278.0,311090356.0,-91883078.0,7923436.0,5494894.0,2428542.0,40213306077.0,31668900175.0,8544405902.0,605495773.0,3798007114.0,-3192511340.0,9638211373.0,15560001477.0,-5921790104.0
2026-06-09,170345537710.0,189614363756.0,-19268826046.0,21422158979.0,17052659595.0,4369499384.0,23520588707.0,8621262045.0,14899326663.0,8028732212.0,6643156008.0,1385576204.0,330776225.0,223833158.0,106943067.0,5653621.0,5101988.0,551633.0,162316805498.0,182971207749.0,-20654402251.0,21091382753.0,16828826437.0,4262556316.0,23514935087.0,8616160057.0,14898775030.0
2026-06-10,68247040082.0,77988062851.0,-9741022769.0,22146481582.0,1932795521.0,20213686061.0,10838159064.0,21310822356.0,-10472663292.0,8873283843.0,8249945581.0,623338262.0,243440156.0,246495398.0,-3055242.0,13935193.0,3886731.0,10048462.0,59373756239.0,69738117270.0,-10364361031.0,21903041427.0,1686300123.0,20216741304.0,10824223871.0,21306935625.0,-10482711754.0
2026-06-11,31919899924.0,42046018368.0,-10126118444.0,5135513067.0,3136698273.0,1998814794.0,14690309425.0,6563005775.0,8127303650.0,6734598138.0,8747302283.0,-2012704145.0,227833339.0,261168539.0,-33335201.0,34904803.0,8775449.0,26129354.0,25185301785.0,33298716084.0,-8113414299.0,4907679728.0,2875529734.0,2032149994.0,14655404622.0,6554230326.0,8101174296.0
2026-06-14,27608775971.0,27332099329.0,276676642.0,366444294.0,652712106.0,-286267813.0,466366203.0,456775032.0,9591170.0,7857172952.0,7728199362.0,128973590.0,338885115.0,487467917.0,-148582803.0,6664998.0,7203921.0,-538923.0,19751603019.0,19603899967.0,147703052.0,27559179.0,165244189.0,-137685010.0,459701205.0,449571112.0,10130093.0
2026-06-15,37057370242.0,38142360741.0,-1084990499.0,2282322220.0,860482617.0,1421839603.0,5317372245.0,5654221349.0,-336849104.0,7987509208.0,7815826317.0,171682891.0,317693200.0,287027061.0,30666139.0,6784538.0,3968695.0,2815842.0,29069861034.0,30326534424.0,-1256673390.0,1964629020.0,573455556.0,1391173464.0,5310587707.0,5650252654.0,-339664946.0
2026-06-16,176410534699.0,231856591851.0,-55446057152.0,17879832513.0,15743769742.0,2136062771.0,63847318210.0,10537323828.0,53309994382.0,7769325703.0,7363413325.0,405912378.0,294991681.0,265134423.0,29857258.0,103913579.0,2707230.0,101206349.0,168641208996.0,224493178527.0,-55851969530.0,17584840832.0,15478635319.0,2106205513.0,63743404631.0,10534616599.0,53208788032.0
2026-06-17,83984397614.0,229351319571.0,-145366921958.0,12409158515.0,7160478081.0,5248680434.0,154493260762.0,14375019238.0,140118241524.0,7983364160.0,8158699114.0,-175334953.0,272865210.0,312773936.0,-39908725.0,4572777.0,3565273.0,1007504.0,76001033453.0,221192620457.0,-145191587004.0,12136293304.0,6847704145.0,5288589159.0,154488687985.0,14371453965.0,140117234019.0
2026-06-18,83984397614.0,229351319571.0,-145366921958.0,12409158515.0,7160478081.0,5248680434.0,154493260762.0,14375019238.0,140118241524.0,7983364160.0,8158699114.0,-175334953.0,272865210.0,312773936.0,-39908725.0,4572777.0,3565273.0,1007504.0,76001033453.0,221192620457.0,-145191587004.0,12136293304.0,6847704145.0,5288589159.0,154488687985.0,14371453965.0,140117234019.0
2026-06-22,42343710942.0,56412366180.0,-14068655239.0,6864388549.0,6006387783.0,858000766.0,28033639154.0,14822984682.0,13210654473.0,6690525097.0,6543860616.0,146664481.0,297921033.0,258238176.0,39682858.0,9119640.0,5039869.0,4079771.0,35653185845.0,49868505564.0,-14215319719.0,6566467516.0,5748149607.0,818317908.0,28024519515.0,14817944813.0,13206574702.0
2026-06-23,223778779484.0,246171527703.0,-22392748220.0,34529653229.0,28627528698.0,5902124531.0,34914702817.0,18424079129.0,16490623688.0,8670164415.0,6994857174.0,1675307241.0,378745652.0,222495369.0,156250282.0,5427678.0,15194424.0,-9766746.0,215108615069.0,239176670529.0,-24068055460.0,34150907577.0,28405033329.0,5745874249.0,34909275139.0,18408884705.0,16500390434.0
2026-06-24,52373206098.0,57986607868.0,-5613401769.0,2441405970.0,2453772298.0,-12366328.0,25973798927.0,20348030829.0,5625768098.0,6547627147.0,5795257730.0,752369416.0,180546778.0,164821920.0,15724858.0,3956165.0,4890397.0,-934233.0,45825578952.0,52191350138.0,-6365771186.0,2260859192.0,2288950378.0,-28091186.0,25969842762.0,20343140432.0,5626702330.0
2026-06-25,59958474128.0,72449569828.0,-12491095699.0,12816507510.0,2263726137.0,10552781373.0,11108238790.0,9169924464.0,1938314327.0,6532531358.0,6247642962.0,284888396.0,274659878.0,209492424.0,65167453.0,15672385.0,3085512.0,12586874.0,53425942771.0,66201926866.0,-12775984095.0,12541847632.0,2054233713.0,10487613919.0,11092566405.0,9166838952.0,1925727453.0
2026-06-28,54091790262.0,53957179247.0,134611015.0,434290838.0,490998253.0,-56707415.0,151677155.0,229580755.0,-77903601.0,6378748131.0,5907855223.0,470892909.0,206895725.0,191121017.0,15774707.0,10321182.0,2226997.0,8094184.0,47713042131.0,48049324024.0,-336281894.0,227395113.0,299877235.0,-72482122.0,141355973.0,227353758.0,-85997785.0
2026-06-29,63849405169.0,51340807219.0,12508597950.0,3438240047.0,4636576818.0,-1198336771.0,7730579938.0,19040841116.0,-11310261178.0,5142430678.0,4866240581.0,276190097.0,166276579.0,135560610.0,30715970.0,1297586.0,5368878.0,-4071291.0,58706974491.0,46474566638.0,12232407853.0,3271963468.0,4501016209.0,-1229052741.0,7729282351.0,19035472239.0,-11306189887.0
2026-06-30,197864978114.0,241750923690.0,-43885945577.0,33200914601.0,4899529651.0,28301384950.0,24254395031.0,8669834405.0,15584560627.0,6328434725.0,5615551488.0,712883237.0,173203328.0,185522762.0,-12319434.0,31885770.0,2031781.0,29853990.0,191536543389.0,236135372202.0,-44598828813.0,33027711274.0,4714006889.0,28313704385.0,24222509261.0,8667802624.0,15554706637.0
2026-07-01,91657528447.0,92680186544.0,-1022658097.0,4602614639.0,5656883704.0,-1054269065.0,16626759889.0,14549832726.0,2076927163.0,6654259441.0,11095138076.0,-4440878635.0,158546987.0,160212123.0,-1665136.0,21010685.0,2460851.0,18549834.0,85003269006.0,81585048468.0,3418220538.0,4444067652.0,5496671582.0,-1052603930.0,16605749204.0,14547371876.0,2058377328.0
2026-07-02,91657528447.0,92680186544.0,-1022658097.0,4602614639.0,5656883704.0,-1054269065.0,16626759889.0,14549832726.0,2076927163.0,6654259441.0,11095138076.0,-4440878635.0,158546987.0,160212123.0,-1665136.0,21010685.0,2460851.0,18549834.0,85003269006.0,81585048468.0,3418220538.0,4444067652.0,5496671582.0,-1052603930.0,16605749204.0,14547371876.0,2058377328.0
2026-07-05,20612475714.0,21349942048.0,-737466334.0,302702734.0,393220738.0,-90518004.0,974913333.0,146928995.0,827984338.0,6633287396.0,6582245348.0,51042048.0,190162356.0,316608343.0,-126445987.0,23700786.0,23242331.0,458455.0,13979188318.0,14767696700.0,-788508382.0,112540378.0,76612395.0,35927983.0,951212547.0,123686664.0,827525883.0
2026-07-06,49860027010.0,54194771575.0,-4334744564.0,6531928778.0,4361479774.0,2170449005.0,8169567135.0,6005271575.0,2164295560.0,8933844159.0,9002442013.0,-68597854.0,380688642.0,304540959.0,76147683.0,4995250.0,17469359.0,-12474109.0,40926182851.0,45192329562.0,-4266146711.0,6151240136.0,4056938814.0,2094301322.0,8164571885.0,5987802216.0,2176769669.0
2026-07-07,192101266527.0,219272117465.0,-27170850938.0,11011092443.0,8473562049.0,2537530394.0,45905265959.0,21271945415.0,24633320544.0,10625140714.0,9196721417.0,1428419297.0,420489982.0,426647973.0,-6157991.0,54808214.0,28201531.0,26606683.0,181476125813.0,210075396048.0,-28599270235.0,10590602461.0,8046914076.0,2543688385.0,45850457745.0,21243743884.0,24606713861.0
2026-07-08,47318053957.0,56765071006.0,-9447017049.0,4868042903.0,3935215820.0,932827083.0,15763467105.0,7249277139.0,8514189966.0,8008094664.0,7863504834.0,144589829.0,215570503.0,173970908.0,41599595.0,16147514.0,4191806.0,11955708.0,39309959294.0,48901566172.0,-9591606879.0,4652472400.0,3761244912.0,891227488.0,15747319590.0,7245085333.0,8502234258.0
2026-07-09,42442049347.0,42118808735.0,323240612.0,5900554224.0,4576996439.0,1323557785.0,13644347886.0,15291146283.0,-1646798397.0,7605862560.0,7500629251.0,105233308.0,201711244.0,166574297.0,35136947.0,3537794.0,5481448.0,-1943654.0,34836186788.0,34618179484.0,218007304.0,5698842980.0,4410422142.0,1288420838.0,13640810092.0,15285664835.0,-1644854743.0
2026-07-12,25119561305.0,22480061929.0,2639499376.0,614191742.0,383159664.0,231032078.0,3530894008.0,6401425461.0,-2870531454.0,8850486320.0,8770322859.0,80163461.0,246072228.0,214640516.0,31431711.0,6887459.0,3416208.0,3471251.0,16269074984.0,13709739070.0,2559335914.0,368119514.0,168519147.0,199600367.0,3524006549.0,6398009254.0,-2874002705.0
2026-07-13,115940643400.0,71161426299.0,44779217100.0,9593441628.0,12382600600.0,-2789158972.0,21116811177.0,63106869305.0,-41990058128.0,7938540249.0,7710998532.0,227541717.0,240402119.0,292579387.0,-52177268.0,14818687.0,10708440.0,4110247.0,108002103151.0,63450427768.0,44551675383.0,9353039510.0,12090021213.0,-2736981704.0,21101992490.0,63096160865.0,-41994168376.0
2026-07-14,205092217975.0,212724203187.0,-7631985212.0,15759793537.0,13913707665.0,1846085872.0,34806896625.0,29020997285.0,5785899340.0,8965861328.0,8713670850.0,252190477.0,363950096.0,260062642.0,103887454.0,23570026.0,9282520.0,14287505.0,196126356647.0,204010532336.0,-7884175689.0,15395843441.0,13653645023.0,1742198418.0,34783326599.0,29011714764.0,5771611835.0
2026-07-15,67059237833.0,56973430245.0,10085807588.0,4196116465.0,3764943516.0,431172949.0,7417856358.0,17934836895.0,-10516980537.0,9792342508.0,9559804739.0,232537768.0,282968883.0,382042196.0,-99073314.0,9113242.0,3877911.0,5235332.0,57266895325.0,47413625506.0,9853269820.0,3913147582.0,3382901320.0,530246263.0,7408743116.0,17930958985.0,-10522215869.0
